project_id,country,ghg,life
P146194,Belarus,154076.0,20.0
P154669,China,2876006.0,20.0
P096556,China,785000.0,20.0
P084874,China,6510000.0,20.0
P101988,China,220000.0,20.0
P120664,China,415500.0,20.0
P154283,India,7465.0,25.0
P095114,India,1407700.0,30.0
P113078,Indonesia,1010125.0,30.0
P149872,Mexico,23710.0,8.0
P106261,Mexico,602197.0,10.0
P132443,Moldova,55850.0,30.0
P107992,Montenegro,2767.0,15.0
P131256,Morocco,900774.0,30.0
P104266,Tunisia,205840.0,20.0
P112578,Türkiye,3214000.0,20.0
P122178,Türkiye,397796.0,20.0
P132741,Ukraine,32000.0,20.0
P096586,Ukraine,856097.0,15.0
P148129,China,34281.0,20.0
P148527,China,17681.0,30.0
P144489,Ecuador,64056.0,30.0
P110371,India,312000.0,30.0
P131765,India,274286.0,22.0
P107159,Mexico,46842.0,13.0
P127775,China,83757.0,25.0
P160408,India,1382000.0,20.0
P150930,Morocco,23994.0,25.0
P147760,Belarus,6095032.0,30.0
P164047,China,106333.0,30.0
P132873,China,76955.0,25.0
