project_id,country,annex_ghg,annex_life,same_status,ghg_class,ghg_file,ghg_pdf_page,ghg_token,source_ghg_quantity,divisor,ghg_note,cost_usd_m,cost_file,cost_pdf_page,cost_token,appraisal_cost_usd_m,appraisal_token,cost_note,cost_accepted,cost_source_date,cost_source_url,ghg_source_date,ghg_source_url
P146194,Belarus,154076.0,20.0,True,annualized_lifetime,P146194_ICR.pdf,38,"3,081,517",3081517.0,20.0,Lifetime total divided by explicitly stated 20-year life (ICR p21); 154075.85 rounds to 154076. Average not observed annual flow.,87.7,P146194_IEG.pdf,2,87.7,,,Actual whole-project cost; no borrower contribution.,True,2023-04-18,https://documents1.worldbank.org/curated/en/099041823140032574/pdf/P1461940b122d105d09bdd089d6dba15e99.pdf,2022-10-26,https://documents1.worldbank.org/curated/en/099625011102228592/pdf/BOSIB02f46126403a0952003d8d6cf78eda.pdf
P154669,China,2876006.0,20.0,True,unit_ambiguity,P154669_ICR.pdf,44,"2,876,006",2876006.0,,Result number matches but indicator/unit says thousand tons while displayed value is already millions; no silent conversion.,,,,,,,Program financing versus underlying subproject investment totals differ; bank-only cover field rejected.,False,,,2022-12-22,https://documents1.worldbank.org/curated/en/099750012222210573/pdf/BOSIB096e80c920f10952d0a89ee8869c2f.pdf
P096556,China,785000.0,20.0,True,annual_direct,P096556_ICR.pdf,27,"785,000",785000.0,1.0,Explicit average annual estimate based on CDM pilot experience; not direct measurement of every household.,439.8,P096556_IEG.pdf,1,439.8,439.8,439.8,Whole-project costs include cofinancing.,True,2015-06-08,https://documents1.worldbank.org/curated/en/419071467998479478/pdf/ICRR14713-P096556-Box393183B-PUBLIC.pdf,2014-12-23,https://documents1.worldbank.org/curated/en/443991468018607232/pdf/ICR25110P0965500disclosed0120240140.pdf
P084874,China,6510000.0,20.0,True,annual_direct,P084874_IEG.pdf,8,6.51,6510000.0,1.0,Explicit estimated annual GHG reductions in million tonnes; covers expanded project.,1440.0,P084874_IEG.pdf,4,"1,440",593.6,593.6,Whole-project cost including additional financing; original appraisal scope smaller.,True,2017-09-05,https://documents1.worldbank.org/curated/en/303211504632422283/pdf/ICRR-Disclosable-P084874-09-05-2017-1504632411317.pdf,2017-09-05,https://documents1.worldbank.org/curated/en/303211504632422283/pdf/ICRR-Disclosable-P084874-09-05-2017-1504632411317.pdf
P101988,China,220000.0,20.0,True,annual_direct,P101988_ICR.pdf,7,"220,000",220000.0,1.0,Carbon reduction associated with 2013 hydropower output; annual observation from historical completion period.,344.0,P101988_IEG.pdf,1,344,319.0,319,Whole-project costs include navigation hydropower and flood protection.,True,2015-04-20,https://documents1.worldbank.org/curated/en/149201468188929366/pdf/ICRR14711-P101988-Box393183B-PUBLIC.pdf,2014-12-18,https://documents1.worldbank.org/curated/en/176771468241177194/pdf/ICR33380P10198800Box385397B00OUO090.pdf
P120664,China,415500.0,20.0,True,unresolved_value,P120664_IEG.pdf,4,22.59,,,Per-floor-area annual indicator verified but annex aggregate 415500 not reproduced from inspected completion documents.,468.8,P120664_IEG.pdf,2,468.8,343.1,343.1,Narrative whole-project actual cost includes added activities financing charges and working capital; ignore stale cover field.,True,2016-12-30,https://documents1.worldbank.org/curated/en/163591483123580143/pdf/ICRR-Disclosable-P120664-12-30-2016-1483123566678.pdf,2016-12-30,https://documents1.worldbank.org/curated/en/163591483123580143/pdf/ICRR-Disclosable-P120664-12-30-2016-1483123566678.pdf
P154283,India,7465.0,25.0,False,unit_conflict,P154283_ICR.pdf,28,"7,465",7465000.0,1.0,ICR and IEG explicitly thousand tonnes/year; annex displays 7465 under tonnes/year. Transition excluded.,,,,,,,Reporting-status transition; infrastructure cost excludes mobilized generation investments; unit conflict retained.,False,,,2025-06-27,https://documents1.worldbank.org/curated/en/099072425161016748/pdf/BOSIB-14ec12a5-880d-41b0-acac-8875908038b3.pdf
P095114,India,1407700.0,30.0,True,unresolved_value,P095114_ICR.pdf,20,14 million,,,Approximately 14m over 2014-2024 disclosed; annex 1407700 annual value not independently reconstructed.,697.5,P095114_IEG.pdf,1,697.5,670.0,670.00,Whole-project appraisal and actual costs in legacy IEG table.,True,2016-06-22,https://documents1.worldbank.org/curated/en/423511473923659338/pdf/ICRR14936-P095114-Box396299B-PUBLIC.pdf,2015-06-25,https://documents1.worldbank.org/curated/en/844391468001474289/pdf/ICR3326-P095114-Box391496B-PUBLIC-disclosed-6-30-15.pdf
P113078,Indonesia,1010125.0,30.0,True,annual_direct,P113078_ICR.pdf,20,"1,010,125",1010125.0,1.0,Explicit ton/year estimate; results framework says calculated over 12 months to December 2018.,622.7,P113078_IEG.pdf,3,622.7,581.65,581.65,Whole-project final cost including borrower contribution and CTF.,True,2019-12-09,https://documents1.worldbank.org/curated/en/885681575910794528/pdf/Indonesia-Geothermal-Clean-Energy-Investment-Proje.pdf,2019-06-14,https://documents1.worldbank.org/curated/en/202221561776055439/pdf/Indonesia-Geothermal-Clean-Energy-Investment-Project.pdf
P149872,Mexico,23710.0,8.0,True,annualized_lifetime,P149872_ICR.pdf,22,"189,682",189682.0,8.0,ICR explicitly states 8-year lifetime for actual subprojects; dividing gives 23710.25 rounding to annex value. Updated 15-year scenario kept separate.,72.1,P149872_IEG.pdf,4,72.10,156.0,156.00,Whole-project actual cost; original and revised scope differ.,True,2024-06-27,https://documents1.worldbank.org/curated/en/099062724112090607/pdf/P149872-7cd2f755-2768-42ec-aeda-819d7c6c007b.pdf,2024-04-29,https://documents1.worldbank.org/curated/en/099043024115091401/pdf/BOSIB-a81587bd-b559-4d84-bfd2-9aad500dc929.pdf
P106261,Mexico,602197.0,10.0,True,horizon_conflict,P106261_IEG.pdf,9,"6,021,967",6021967.0,,ICR/IEG cumulative reductions from installation through reporting period; dividing by annex 10-year life reproduces number but does not establish annual flow.,358.215766,P106261_ICR.pdf,6,"358,215,766",218.35,"218,350,000",Whole-project financing table includes original and additional financing; component tables confirm combined scope.,True,2018-12-14,https://documents1.worldbank.org/curated/en/289121545939897533/pdf/icr4492-12192018-636810265599229101.pdf,2019-05-16,https://documents1.worldbank.org/curated/en/646461558014339626/pdf/Mexico-MX-Sustainable-Rural-Development.pdf
P132443,Moldova,55850.0,30.0,True,annual_direct,P132443_ICR.pdf,18,"55,850",55850.0,1.0,ICR distinguishes annual 55850 from lifetime 1675500; IEG conflates labels. Annual field resolved through ICR.,,,,,,,IEG reports 40.3m bank cost while 20m in-kind investments are excluded from formal cofinancing; whole-project boundary unresolved.,False,,,2021-04-07,https://documents1.worldbank.org/curated/en/337121618844834264/pdf/Moldova-District-Heating-Efficiency-Improvement-Project.pdf
P107992,Montenegro,2767.0,15.0,True,annualized_lifetime,P107992_IEG.pdf,6,"41,504",41504.0,15.0,Lifetime emissions divided by 15-year investment life in IEG p11; 2766.93 rounds to annex value.,13.8,P107992_IEG.pdf,3,13.8,9.4,9.4,Whole-project cost including front-end fees and additional financing; reported USD equivalent.,True,2019-01-31,https://documents1.worldbank.org/curated/en/456181548970493167/pdf/Montenegro-ENERGY-EFFICIENCY-IN-PUBLIC-BUILDINGS.pdf,2019-01-31,https://documents1.worldbank.org/curated/en/456181548970493167/pdf/Montenegro-ENERGY-EFFICIENCY-IN-PUBLIC-BUILDINGS.pdf
P131256,Morocco,900774.0,30.0,False,annual_direct,P131256_ICR.pdf,27,"900,774",900774.0,1.0,January 2024 completion estimate and 1270000 target; transition not calendar-year deterioration.,,,,,,,Reporting-status transition; actual cost/financing figures and expanded Noor complex require scope reconciliation.,False,,,2025-03-01,https://documents1.worldbank.org/curated/en/099032625151032430/pdf/BOSIB-873d2796-726f-4fe0-8dc2-23633ecfe6b1.pdf
P104266,Tunisia,205840.0,20.0,True,horizon_conflict,P104266_ICR.pdf,7,205.84,205840.0,,Explicit cumulative indicator in ktCO2; annex treats same numeric total in tonnes as annual. No annualization justified.,,,,,,,IEG 33.9m is credit-line cost; ICR associated investments 42.71m imply different financing and outcome scopes.,False,,,2016-09-27,https://documents1.worldbank.org/curated/en/134241475519900776/pdf/ICR-Main-Document-P104266-2016-09-29-14-52-09302016.pdf
P112578,Türkiye,3214000.0,20.0,True,annual_components,P112578_ICR.pdf,34,"1,746",3214000.0,1.0,"Separate RE 1746 and EE 1468 thousand-tonne potentials sum to 3214000; annual energy/emission-factor interpretation, kept outside strict explicit-annual cohort.",3097.07,P112578_ICR.pdf,45,"3,097.07",1150.0,"1,150.00",Explicit total project costs excluding 2.49 front-end fee; 3099.56 is total financing required.,True,2017-06-19,https://documents1.worldbank.org/curated/en/799701498842988254/pdf/ICR00004069-06192017.pdf,2017-06-19,https://documents1.worldbank.org/curated/en/799701498842988254/pdf/ICR00004069-06192017.pdf
P122178,Türkiye,397796.0,20.0,True,annual_direct,P122178_ICR.pdf,18,"397,796",397796.0,1.0,Explicit tons CO2e/year from subprojects; IEG rounded to about 400000.,281.97,P122178_IEG.pdf,3,281.97,305.89,305.89,Whole-project actual cost; 268.4 in economic analysis refers to a narrower investment basis.,True,2020-08-12,https://documents1.worldbank.org/curated/en/265301597241751958/pdf/Turkey-Turkey-SME-Energy-Efficiency-Project-GEF.pdf,2020-03-27,https://documents1.worldbank.org/curated/en/904171586198902878/pdf/Turkey-Small-and-Medium-Enterprises-Energy-Efficiency-Project.pdf
P132741,Ukraine,32000.0,20.0,False,interim_annual,P132741_ISR.pdf,4,"32,000",32000.0,1.0,September 2023 ISR reports current 32000 and target 115840; no completion report retrieved. Value traced to interim reporting only.,,,,,,,Reporting-status transition; no completion document retrieved.,False,,,2023-09-15,https://documents1.worldbank.org/curated/en/099091523103535275/pdf/P13274105aa3ec046092220917c9dce50f5.pdf
P096586,Ukraine,856097.0,15.0,True,approximate_period_average,P096586_ICR.pdf,28,"8,561.00",8561000.0,10.0,"ICR reports 8561 thousand tonnes over ten years, implying 856100 per year versus annex 856097. Close agreement within accumulated component rounding; no current-year measured flow established.",,,,,,,Only supported-investment total 539m and unquantified implementation contribution; full cost boundary unresolved.,False,,,2017-09-26,https://documents1.worldbank.org/curated/en/115991506970342455/pdf/ICR00004191-FINAL-09292017.pdf
P148129,China,34281.0,20.0,True,annual_direct,P148129_ICR.pdf,20,"34,281",34281.0,1.0,Explicit modelled tCO2e/year; ICR p61 notes a revised estimate after economic analysis.,144.77,P148129_IEG.pdf,4,144.77,224.27,224.27,Whole-project actual cost includes borrower contribution.,True,2023-11-14,https://documents1.worldbank.org/curated/en/099111323192529075/pdf/P1481290e2871a0530a8160ed50bf0aa989.pdf,2023-06-25,https://documents1.worldbank.org/curated/en/099062723124542429/pdf/BOSIB0167f32c00dd0988f02065523c3d82.pdf
P148527,China,17681.0,30.0,True,annual_components,P148527_ICR.pdf,50,"1,831",17681.0,1.0,1831 tonnes for buses plus more than 15850 for motor vehicle trips in 2020; approximate component reconstruction.,347.84,P148527_IEG.pdf,2,347.84,536.8,536.80,Whole-project actual cost after component cancellations and currency changes.,True,2023-01-19,https://documents1.worldbank.org/curated/en/099600001192320526/pdf/P1485270aa27e00950bd16021d939564724.pdf,2022-06-30,https://documents1.worldbank.org/curated/en/313541657067227316/pdf/China-Second-Urumqi-Urban-Transport-Project.pdf
P144489,Ecuador,64056.0,30.0,True,annual_direct,P144489_ICR.pdf,18,"64,056",64056.0,1.0,Explicit ex-post estimate for year 2024 against no-project scenario; not simply measured emissions.,2128.611786,P144489_ICR.pdf,6,"2,128,611,786",,,Whole-project actual total including all financiers; original appraisal table differs in treatment of additional finance.,True,2024-06-29,https://documents1.worldbank.org/curated/en/099070824053557282/pdf/BOSIB-1deb4ee1-9d4b-4e27-ac93-ca0ac92bdda0.pdf,2024-06-29,https://documents1.worldbank.org/curated/en/099070824053557282/pdf/BOSIB-1deb4ee1-9d4b-4e27-ac93-ca0ac92bdda0.pdf
P110371,India,312000.0,30.0,True,horizon_conflict,P110371_ICR.pdf,35,"312,000",312000.0,,Indicator explicitly forecast cumulative CO2 over ten years; annex repeats total under annual heading.,318.67,P110371_IEG.pdf,3,318.67,346.8,346.8,Whole-project cost includes national state and city contributions.,True,2019-06-21,https://documents1.worldbank.org/curated/en/270641561147309273/pdf/India-IN-Sustainable-Urban-Transport-Project.pdf,2019-03-25,https://documents1.worldbank.org/curated/en/965391553890850902/pdf/India-Sustainable-Urban-Transport-Project.pdf
P131765,India,274286.0,22.0,True,unresolved_scope,P131765_ICR.pdf,37,9.6 million,,,Completion report pools three corridors and estimates 9.6m over 2010-2045; phase-II annual 274286 not independently matched.,,,,,,,Joint three-phase ICR: phase-II datasheet omits counterpart funds; phase components and program outcomes cannot be assigned without further reconciliation.,False,,,2024-02-27,https://documents1.worldbank.org/curated/en/099022724164513544/pdf/BOSIB-53bbc146-194d-42f7-8863-f33cae7e7b68.pdf
P107159,Mexico,46842.0,13.0,True,annual_direct,P107159_ICR.pdf,26,"46,842",46842.0,1.0,"ICR footnote explicitly annual emission reduction; lifetime calculations use 25 years, unlike annex life of 13.",357.34,P107159_ICR.pdf,51,357.34,2694.0,2694,Component-cost annex includes leveraged investment; reject 114.039027 datasheet bank-only amount.,True,2019-10-31,https://documents1.worldbank.org/curated/en/812271572880926537/pdf/Mexico-Urban-Transport-Transformation-Project.pdf,2019-10-31,https://documents1.worldbank.org/curated/en/812271572880926537/pdf/Mexico-Urban-Transport-Transformation-Project.pdf
P127775,China,83757.0,25.0,True,annual_direct,P127775_ICR.pdf,63,"83,757",83757.0,1.0,Modelled annual net GHG reduction from component outputs; leakage assumptions retained.,155.35,P127775_IEG.pdf,3,155.35,213.4,213.4,Whole-project final cost after reduction in component scope.,True,2023-06-06,https://documents1.worldbank.org/curated/en/099060623110516648/pdf/P127775053dfc207d0849a02102cdf0f905.pdf,2022-06-30,https://documents1.worldbank.org/curated/en/099330007082259474/pdf/BOSIB0a594b0970a90a2df0fd9b2dc1114f.pdf
P160408,India,1382000.0,20.0,False,annual_direct,P160408_ICR.pdf,28,"1,382,000",1382000.0,1.0,Net annual emissions shown negative in ICR; annex presents avoided-emission magnitude. Revised target differs from FY24.,,,,,,,Reporting-status transition; IEG cost field repeats bank disbursement while counterpart funds are reported separately.,False,,,2025-01-28,https://documents1.worldbank.org/curated/en/099021025112528648/pdf/BOSIB-f0461b9e-3fed-4377-a87a-d7035dfcffea.pdf
P150930,Morocco,23994.0,25.0,True,horizon_conflict,P150930_ICR.pdf,24,"599,858",599858.0,,"Preparation-stage sink estimated over 20 years; annex 23994 is consistent with division by 25, not documented 20-year horizon; no completion annual value verified.",170.85,P150930_IEG.pdf,3,170.85,187.5,187.5,Whole-project actual cost includes taxes and on-farm subsidies.,True,2023-12-06,https://documents1.worldbank.org/curated/en/099120623121069562/pdf/P15093004932fa09f0af740be968275c8d2.pdf,2023-06-28,https://documents1.worldbank.org/curated/en/099070123151537250/pdf/BOSIB065c541990140aa270d29d86349325.pdf
P147760,Belarus,6095032.0,30.0,True,basis_ambiguity,P147760_ICR.pdf,38,"6,095,032",6095032.0,,Exact Year-6 sequestration indicator with nonzero baseline and metric-ton unit; annual incremental avoided-emission basis not established.,57.26,P147760_IEG.pdf,3,57.26,57.85,57.85,Whole-project actual cost includes additional financing; original label includes expanded financing basis.,True,2023-05-04,https://documents1.worldbank.org/curated/en/099041823094519136/pdf/P14776008b08240860b03d0368ea8b9071c.pdf,2022-10-20,https://documents1.worldbank.org/curated/en/099740111072224853/pdf/BOSIB083341e3702209c7c0defc11758ff7.pdf
P164047,China,106333.0,30.0,True,horizon_conflict,P164047_ICR.pdf,17,"3,190,000",3190000.0,,Program-period sequestration total; annex 106333 equals division by 30-year life but ICR p53 distinguishes five-year program from 30-year model horizon.,683.449742,P164047_ICR.pdf,6,"683,449,742",686.0,"686,000,000",Whole-program actual cost includes 536m borrower contribution.,True,2024-06-28,https://documents1.worldbank.org/curated/en/099070124010556316/pdf/BOSIB-8b11e82d-af00-4206-8240-194ca9f7ff3d.pdf,2024-06-28,https://documents1.worldbank.org/curated/en/099070124010556316/pdf/BOSIB-8b11e82d-af00-4206-8240-194ca9f7ff3d.pdf
P132873,China,76955.0,25.0,True,annual_direct,P132873_ICR.pdf,18,"76,955",76955.0,1.0,Explicit annual CO2 reductions at completion; some generation outputs remained prospective.,114.075042,P132873_ICR.pdf,6,"114,075,042",150.78,"150,780,000",Whole-project actual cost includes borrower contribution.,True,2022-12-28,https://documents1.worldbank.org/curated/en/099640001092331621/pdf/BOSIB0b5387e7d08a08f9406c2286236a53.pdf,2022-12-28,https://documents1.worldbank.org/curated/en/099640001092331621/pdf/BOSIB0b5387e7d08a08f9406c2286236a53.pdf
