specification,n,before,after,annual_change_pct,fixed_old_change_pct,fixed_new_change_pct,symmetric_change_pct,allocation_2024,allocation_2025,listed_coverage_2024_pct,listed_coverage_2025_pct,primary65_coverage_2024_pct,primary65_coverage_2025_pct,countries
Strict annual and whole cost,10,1429.0054486,1429.23356711,0.0159634455379,0,0,0,1580.7,1580.513869,9.63723936105,9.19266909907,22.6597666217,20.7454868697,5
Same strict cohort eligible commitment,10,5838.17276239,5839.12117509,0.016245026194,-0.000721679422211,-0.000726530701245,-0.000724105267502,1580.7,1580.513869,9.63723936105,9.19266909907,22.6597666217,20.7454868697,5
Including reconstructed annual quantities,15,1249.38082301,1246.7831602,-0.20791601438,0,0,0,2685.3,2715.828622,16.3717839288,15.7959473444,38.4945095903,35.6473853998,7
Same expanded cohort eligible commitment,15,4707.34505847,4654.58162478,-1.12087457032,-0.825858773643,-0.846387426649,-0.836108873075,2685.3,2715.828622,16.3717839288,15.7959473444,38.4945095903,35.6473853998,7
All accepted costs reported numerator diagnostic,22,2779.12940211,2787.99123254,0.318870737881,0,0,0,3675.8,3721.201765,22.4106816242,21.6434522641,52.6935978669,48.8436981601,9
Same all-cost cohort eligible commitment,22,5876.14523356,5804.5611991,-1.2182141798,-1.13510127591,-1.15535687639,-1.14522585489,3675.8,3721.201765,22.4106816242,21.6434522641,52.6935978669,48.8436981601,9
Strict source documents dated by FY2024 end,10,1429.0054486,1429.23356711,0.0159634455379,0,0,0,1580.7,1580.513869,9.63723936105,9.19266909907,22.6597666217,20.7454868697,5
Fixed appraisal cost on available strict cohort,9,3604.90790568,3604.85495197,-0.00146893361598,0,0,0,1148.5,1148.547807,7.00219485429,6.68024504011,16.4640614697,15.0755927655,4
Fixed completion cost same appraisal cohort,9,1955.43994938,1955.44701777,0.000361473591703,0,0,0,1148.5,1148.547807,7.00219485429,6.68024504011,16.4640614697,15.0755927655,4
