specification,project_id,ghg,denominator,reweighting,total
Strict annual and whole cost,P096556,0,0,0.0502543208467,0.0502543208467
Strict annual and whole cost,P084874,0,0,0.101044038906,0.101044038906
Strict annual and whole cost,P101988,0,0,0.00476469586527,0.00476469586527
Strict annual and whole cost,P113078,0,0,0.0612385883053,0.0612385883053
Strict annual and whole cost,P122178,0,0,0.0211263519773,0.0211263519773
Strict annual and whole cost,P148129,0,0,0.0017641920225,0.0017641920225
Strict annual and whole cost,P144489,0,0,-0.00348517053197,-0.00348517053197
Strict annual and whole cost,P107159,0,0,0.00244519872038,0.00244519872038
Strict annual and whole cost,P127775,0,0,-0.0123954700586,-0.0123954700586
Strict annual and whole cost,P132873,0,0,0.00136176046853,0.00136176046853
Same strict cohort eligible commitment,P096556,0,-0.125981696176,0.184466172151,0.0584844759754
Same strict cohort eligible commitment,P084874,0,0,0.48501138675,0.48501138675
Same strict cohort eligible commitment,P101988,0,0,0.0163905537765,0.0163905537765
Same strict cohort eligible commitment,P113078,0,-0.220298939428,0.29555579458,0.0752568551522
Same strict cohort eligible commitment,P122178,0,0,0.0296368033185,0.0296368033185
Same strict cohort eligible commitment,P148129,0,0,0.00255402079097,0.00255402079097
Same strict cohort eligible commitment,P144489,0,0.282729389407,-0.0171140861167,0.26561530329
Same strict cohort eligible commitment,P107159,0,-0.0133095982002,0.0167994451093,0.00348984690908
Same strict cohort eligible commitment,P127775,0,0.0310943191094,-0.0248542117791,0.00624010733026
Same strict cohort eligible commitment,P132873,0,0.00348842143975,0.00224491976875,0.0057333412085
Including reconstructed annual quantities,P146194,0,0,-0.667450933092,-0.667450933092
Including reconstructed annual quantities,P096556,0,0,-0.875149211307,-0.875149211307
Including reconstructed annual quantities,P084874,0,0,-5.67742989039,-5.67742989039
Including reconstructed annual quantities,P101988,0,0,-0.26771719556,-0.26771719556
Including reconstructed annual quantities,P113078,0,0,-0.849422070436,-0.849422070436
Including reconstructed annual quantities,P149872,0,0,-0.0665366829657,-0.0665366829657
Including reconstructed annual quantities,P107992,0,0,0.0708218678011,0.0708218678011
Including reconstructed annual quantities,P112578,0,0,7.50242755686,7.50242755686
Including reconstructed annual quantities,P122178,0,0,-1.18704065563,-1.18704065563
Including reconstructed annual quantities,P148129,0,0,-0.0991258527402,-0.0991258527402
Including reconstructed annual quantities,P148527,0,0,-0.0160069353405,-0.0160069353405
Including reconstructed annual quantities,P144489,0,0,-0.0570374283075,-0.0570374283075
Including reconstructed annual quantities,P107159,0,0,-0.027406956077,-0.027406956077
Including reconstructed annual quantities,P127775,0,0,-0.183938985355,-0.183938985355
Including reconstructed annual quantities,P132873,0,0,-0.1966494391,-0.1966494391
Same expanded cohort eligible commitment,P146194,0,0.0218371946051,-0.666818346894,-0.644981152289
Same expanded cohort eligible commitment,P096556,0,-0.0737378327945,-3.21236905307,-3.28610688587
Same expanded cohort eligible commitment,P084874,0,0,-27.2516634739,-27.2516634739
Same expanded cohort eligible commitment,P101988,0,0,-0.920947152727,-0.920947152727
Same expanded cohort eligible commitment,P113078,0,-0.128942240261,-4.09956568087,-4.22850792113
Same expanded cohort eligible commitment,P149872,0,0.00483849011291,-0.104091476436,-0.0992529863235
Same expanded cohort eligible commitment,P107992,0,-0.0902536004502,0.078670596943,-0.0115830035073
Same expanded cohort eligible commitment,P112578,0,-39.2194993439,25.7652986672,-13.4542006767
Same expanded cohort eligible commitment,P122178,0,0,-1.66522315257,-1.66522315257
Same expanded cohort eligible commitment,P148129,0,0,-0.143504497012,-0.143504497012
Same expanded cohort eligible commitment,P148527,0,0.00377085301834,-0.0777857012337,-0.0740148482153
Same expanded cohort eligible commitment,P144489,0,0.165483561568,-0.280084848354,-0.114601286785
Same expanded cohort eligible commitment,P107159,0,-0.00779018229393,-0.188296211015,-0.196086393309
Same expanded cohort eligible commitment,P127775,0,0.0181997327842,-0.368816872198,-0.350617139414
Same expanded cohort eligible commitment,P132873,0,0.00204179562274,-0.324184923523,-0.322143127901
All accepted costs reported numerator diagnostic,P146194,0,0,-0.527859452175,-0.527859452175
All accepted costs reported numerator diagnostic,P096556,0,0,-0.695177479492,-0.695177479492
All accepted costs reported numerator diagnostic,P084874,0,0,-4.50170877277,-4.50170877277
All accepted costs reported numerator diagnostic,P101988,0,0,-0.212276482694,-0.212276482694
All accepted costs reported numerator diagnostic,P120664,0,0,-0.281021938672,-0.281021938672
All accepted costs reported numerator diagnostic,P095114,0,0,-2.6795603001,-2.6795603001
All accepted costs reported numerator diagnostic,P113078,0,0,-0.675193878865,-0.675193878865
All accepted costs reported numerator diagnostic,P149872,0,0,-0.0525637948246,-0.0525637948246
All accepted costs reported numerator diagnostic,P106261,0,0,-0.463168793257,-0.463168793257
All accepted costs reported numerator diagnostic,P107992,0,0,0.0510574852715,0.0510574852715
All accepted costs reported numerator diagnostic,P112578,0,0,5.23231590481,5.23231590481
All accepted costs reported numerator diagnostic,P122178,0,0,-0.941220135913,-0.941220135913
All accepted costs reported numerator diagnostic,P148129,0,0,-0.0785981913478,-0.0785981913478
All accepted costs reported numerator diagnostic,P148527,0,0,-0.0126434318528,-0.0126434318528
All accepted costs reported numerator diagnostic,P144489,0,0,-0.0450621937188,-0.0450621937188
All accepted costs reported numerator diagnostic,P110371,0,0,-0.282847567346,-0.282847567346
All accepted costs reported numerator diagnostic,P107159,0,0,-0.0218024649844,-0.0218024649844
All accepted costs reported numerator diagnostic,P127775,0,0,-0.145278250409,-0.145278250409
All accepted costs reported numerator diagnostic,P150930,0,0,-0.0595340307918,-0.0595340307918
All accepted costs reported numerator diagnostic,P147760,0,0,14.9116206561,14.9116206561
All accepted costs reported numerator diagnostic,P164047,0,0,0.498201773788,0.498201773788
All accepted costs reported numerator diagnostic,P132873,0,0,-0.155848229567,-0.155848229567
Same all-cost cohort eligible commitment,P146194,0,0.015945133826,-0.527359165806,-0.51141403198
Same all-cost cohort eligible commitment,P096556,0,-0.0538420548763,-2.55175528088,-2.60559733576
Same all-cost cohort eligible commitment,P084874,0,0,-21.6082021093,-21.6082021093
Same all-cost cohort eligible commitment,P101988,0,0,-0.730231100467,-0.730231100467
Same all-cost cohort eligible commitment,P120664,0,-0.0500416070704,-1.32909940313,-1.3791410102
Same all-cost cohort eligible commitment,P095114,0,0,-4.67248327331,-4.67248327331
Same all-cost cohort eligible commitment,P113078,0,-0.0941513299133,-3.25868817172,-3.35283950163
Same all-cost cohort eligible commitment,P149872,0,0.00353298017052,-0.0822319774072,-0.0786989972367
Same all-cost cohort eligible commitment,P106261,0,0.0993350116366,-2.09816672985,-1.99883171822
Same all-cost cohort eligible commitment,P107992,0,-0.0659001715472,0.0567158558427,-0.00918431570451
Same all-cost cohort eligible commitment,P112578,0,-28.6371539842,17.9691414528,-10.6680125314
Same all-cost cohort eligible commitment,P122178,0,0,-1.32037732201,-1.32037732201
Same all-cost cohort eligible commitment,P148129,0,0,-0.113786601614,-0.113786601614
Same all-cost cohort eligible commitment,P148527,0,0.00275341040474,-0.0614407562564,-0.0586873458516
Same all-cost cohort eligible commitment,P144489,0,0.120833178647,-0.221279922127,-0.10044674348
Same all-cost cohort eligible commitment,P110371,0,-0.0206907596175,-1.01490971014,-1.03560046975
Same all-cost cohort eligible commitment,P107159,0,-0.00568825237692,-0.149791225842,-0.155479478219
Same all-cost cohort eligible commitment,P127775,0,0.0132891241053,-0.29129806175,-0.278008937645
Same all-cost cohort eligible commitment,P150930,0,0,-0.0678092610719,-0.0678092610719
Same all-cost cohort eligible commitment,P147760,0,-35.9886217329,15.7577948022,-20.2308269306
Same all-cost cohort eligible commitment,P164047,0,-2.61482714775,2.26188322227,-0.352943925482
Same all-cost cohort eligible commitment,P132873,0,0.00149088299022,-0.256922402701,-0.255431519711
Strict source documents dated by FY2024 end,P096556,0,0,0.0502543208467,0.0502543208467
Strict source documents dated by FY2024 end,P084874,0,0,0.101044038906,0.101044038906
Strict source documents dated by FY2024 end,P101988,0,0,0.00476469586527,0.00476469586527
Strict source documents dated by FY2024 end,P113078,0,0,0.0612385883053,0.0612385883053
Strict source documents dated by FY2024 end,P122178,0,0,0.0211263519773,0.0211263519773
Strict source documents dated by FY2024 end,P148129,0,0,0.0017641920225,0.0017641920225
Strict source documents dated by FY2024 end,P144489,0,0,-0.00348517053197,-0.00348517053197
Strict source documents dated by FY2024 end,P107159,0,0,0.00244519872038,0.00244519872038
Strict source documents dated by FY2024 end,P127775,0,0,-0.0123954700586,-0.0123954700586
Strict source documents dated by FY2024 end,P132873,0,0,0.00136176046853,0.00136176046853
Fixed appraisal cost on available strict cohort,P096556,0,0,0.039482621296,0.039482621296
Fixed appraisal cost on available strict cohort,P084874,0,0,-0.119239395631,-0.119239395631
Fixed appraisal cost on available strict cohort,P101988,0,0,-0.00249944401175,-0.00249944401175
Fixed appraisal cost on available strict cohort,P113078,0,0,0.0591304267507,0.0591304267507
Fixed appraisal cost on available strict cohort,P122178,0,0,-0.00947332866496,-0.00947332866496
Fixed appraisal cost on available strict cohort,P148129,0,0,-0.000553979525759,-0.000553979525759
Fixed appraisal cost on available strict cohort,P107159,0,0,0.00032085683793,0.00032085683793
Fixed appraisal cost on available strict cohort,P127775,0,0,-0.016638276322,-0.016638276322
Fixed appraisal cost on available strict cohort,P132873,0,0,-0.00348318478075,-0.00348318478075
Fixed completion cost same appraisal cohort,P096556,0,0,0.039482621296,0.039482621296
Fixed completion cost same appraisal cohort,P084874,0,0,-0.0491531286435,-0.0491531286435
Fixed completion cost same appraisal cohort,P101988,0,0,-0.00231779837136,-0.00231779837136
Fixed completion cost same appraisal cohort,P113078,0,0,0.0552323955669,0.0552323955669
Fixed completion cost same appraisal cohort,P122178,0,0,-0.0102769674268,-0.0102769674268
Fixed completion cost same appraisal cohort,P148129,0,0,-0.000858195677571,-0.000858195677571
Fixed completion cost same appraisal cohort,P107159,0,0,0.00241895203835,0.00241895203835
Fixed completion cost same appraisal cohort,P127775,0,0,-0.0228555401809,-0.0228555401809
Fixed completion cost same appraisal cohort,P132873,0,0,-0.00460393958252,-0.00460393958252
