specification,n,before,after,annual_change_pct,fixed_old_change_pct,fixed_new_change_pct,symmetric_change_pct,allocation_2024,allocation_2025,listed_coverage_2024_pct,listed_coverage_2025_pct,primary65_coverage_2024_pct,primary65_coverage_2025_pct,countries,cohort,omitted
strict_omit_P096556,9,1399.82040226,1400.05550345,0.0167950969857,0,0,0,1460.9,1460.683476,8.90684062919,8.4957051733,20.9424008716,19.1726187707,5,strict,P096556
strict_omit_P084874,9,704.754362931,704.930650662,0.0250140673535,0,0,0,1280.7,1280.513869,7.80819412267,7.44779309145,18.3591846097,16.8077510592,5,strict,P084874
strict_omit_P101988,9,1482.32283665,1482.57306631,0.0168809151305,0,0,0,1480.7,1480.513869,9.02755761493,8.61104376319,21.2262392844,19.4329082662,5,strict,P101988
strict_omit_P113078,9,1411.84062565,1412.08037922,0.0169816312411,0,0,0,1451.7,1451.469393,8.85074990855,8.44211373211,20.8105163565,19.0516766887,4,strict,P113078
strict_omit_P122178,9,1431.66144759,1431.92316212,0.01828047635,0,0,0,1379.7,1379.513869,8.41177905134,8.02360217396,19.7783766736,18.1072038767,4,strict,P122178
strict_omit_P148129,9,1509.5220388,1509.77568796,0.0168032762571,0,0,0,1480.7,1480.513869,9.02755761493,8.61104376319,21.2262392844,19.4329082662,5,strict,P148129
strict_omit_P144489,9,1955.43994938,1955.44701777,0.000361473591703,0,0,0,1148.5,1148.547807,7.00219485429,6.68024504011,16.4640614697,15.0755927655,4,strict,P144489
strict_omit_P107159,9,1473.15528232,1473.41705138,0.0177692784418,0,0,0,1528.7,1528.49051,9.32020485307,8.89008806255,21.9143324063,20.0626393906,4,strict,P107159
strict_omit_P127775,9,1474.88342463,1475.10067656,0.0147301086481,0,0,0,1503.2,1503.059332,9.1647360078,8.74217388809,21.5487829353,19.7288351896,5,strict,P127775
strict_omit_P132873,9,1463.54390126,1463.78412957,0.016414150715,0,0,0,1511.5,1511.318827,9.21533959273,8.79021320363,21.6677657043,19.8372475537,5,strict,P132873
strict_omit_country_China,4,629.634061637,629.846281153,0.0337052152493,0,0,0,814.2,814.033897,4.96402877698,4.73462738753,11.6717795808,10.6848347572,4,strict_country,China
strict_omit_country_Indonesia,9,1411.84062565,1412.08037922,0.0169816312411,0,0,0,1451.7,1451.469393,8.85074990855,8.44211373211,20.8105163565,19.0516766887,4,strict_country,Indonesia
strict_omit_country_Türkiye,9,1431.66144759,1431.92316212,0.01828047635,0,0,0,1379.7,1379.513869,8.41177905134,8.02360217396,19.7783766736,18.1072038767,4,strict_country,Türkiye
strict_omit_country_Ecuador,9,1955.43994938,1955.44701777,0.000361473591703,0,0,0,1148.5,1148.547807,7.00219485429,6.68024504011,16.4640614697,15.0755927655,4,strict_country,Ecuador
strict_omit_country_Mexico,9,1473.15528232,1473.41705138,0.0177692784418,0,0,0,1528.7,1528.49051,9.32020485307,8.89008806255,21.9143324063,20.0626393906,4,strict_country,Mexico
expanded_omit_P146194,14,1232.22738739,1229.74894155,-0.201135429383,0,0,0,2597.5,2628.06222,15.8364833557,15.285475714,37.2358725881,34.4953823861,6,expanded,P146194
expanded_omit_P096556,14,1224.37382073,1221.94376752,-0.198473143626,0,0,0,2565.5,2595.998229,15.6413851969,15.0989834186,36.7771438401,34.0745173009,7,expanded,P096556
expanded_omit_P084874,14,837.929117529,840.208354775,0.272008359391,0,0,0,2385.3,2415.828622,14.5427386904,14.0510713368,34.1939275782,31.7096495894,7,expanded,P084874
expanded_omit_P101988,14,1272.96980454,1269.99753562,-0.233490920983,0,0,0,2585.3,2615.828622,15.7621021827,15.2143220085,37.0609822529,34.3348067964,7,expanded,P101988
expanded_omit_P113078,14,1230.56857477,1228.05660954,-0.204130455342,0,0,0,2556.3,2586.784146,15.5852944763,15.0453919774,36.6452593251,33.9535752189,6,expanded,P113078
expanded_omit_P149872,14,1265.46013693,1262.6248666,-0.224050544827,0,0,0,2639.2,2669.75402,16.0907206438,15.5279657858,37.8336534878,35.0426200324,7,expanded,P149872
expanded_omit_P107992,14,1254.04963261,1251.81339536,-0.178321270851,0,0,0,2673.4,2702.834066,16.299231801,15.7203677144,38.3239198372,35.4768216382,6,expanded,P107992
expanded_omit_P112578,14,1353.79903957,1353.32675784,-0.0348856603403,0,0,0,1798.1,1798.908204,10.9626874771,10.4629058835,25.7762550532,23.6120841821,7,expanded,P112578
expanded_omit_P122178,14,1236.3227914,1233.67602524,-0.214083747514,0,0,0,2484.3,2514.828622,15.1463236191,14.6268804193,35.6131196422,33.0091024068,7,expanded,P122178
expanded_omit_P148129,14,1288.54782589,1285.39375014,-0.244777546721,0,0,0,2585.3,2615.828622,15.7621021827,15.2143220085,37.0609822529,34.3348067964,7,expanded,P148129
expanded_omit_P148527,14,1282.21403978,1279.14781579,-0.239135113044,0,0,0,2613.7,2644.269847,15.9352517986,15.379743379,37.4681040167,34.7081202303,7,expanded,P148527
expanded_omit_P144489,14,1483.2702469,1476.90599255,-0.429069103644,0,0,0,2253.1,2283.86256,13.736739422,13.2835232854,32.2988044382,29.9774912957,6,expanded,P144489
expanded_omit_P107159,14,1271.46390138,1268.57242318,-0.227413314853,0,0,0,2633.3,2663.805263,16.0547494208,15.4933663079,37.7490753749,34.9645379208,7,expanded,P107159
expanded_omit_P127775,14,1270.48783471,1267.55708132,-0.230679374484,0,0,0,2607.8,2638.374085,15.8992805755,15.3454521334,37.3835259038,34.6307337198,7,expanded,P127775
expanded_omit_P132873,14,1264.58469409,1261.74263637,-0.224742378352,0,0,0,2616.1,2646.63358,15.9498841605,15.393491449,37.5025086728,34.7391460839,7,expanded,P132873
expanded_omit_country_Belarus,14,1232.22738739,1229.74894155,-0.201135429383,0,0,0,2597.5,2628.06222,15.8364833557,15.285475714,37.2358725881,34.4953823861,6,expanded_country,Belarus
expanded_omit_country_China,8,868.959493369,871.346026957,0.274642673921,0,0,0,1847.2,1877.789875,11.2620412145,10.9217016674,26.4801169758,24.6474681178,6,expanded_country,China
expanded_omit_country_Indonesia,14,1230.56857477,1228.05660954,-0.204130455342,0,0,0,2556.3,2586.784146,15.5852944763,15.0453919774,36.6452593251,33.9535752189,6,expanded_country,Indonesia
expanded_omit_country_Mexico,13,1288.25987974,1285.11247124,-0.244314718217,0,0,0,2587.2,2617.730661,15.7736861358,15.2253847493,37.0882192723,34.3597725533,6,expanded_country,Mexico
expanded_omit_country_Montenegro,14,1254.04963261,1251.81339536,-0.178321270851,0,0,0,2673.4,2702.834066,16.299231801,15.7203677144,38.3239198372,35.4768216382,6,expanded_country,Montenegro
expanded_omit_country_Türkiye,13,1346.62853903,1346.10047599,-0.0392137120351,0,0,0,1597.1,1597.908204,9.73722716742,9.29383895843,22.8948651051,20.9738011891,6,expanded_country,Türkiye
expanded_omit_country_Ecuador,14,1483.2702469,1476.90599255,-0.429069103644,0,0,0,2253.1,2283.86256,13.736739422,13.2835232854,32.2988044382,29.9774912957,6,expanded_country,Ecuador
