year,category,projects,portfolio_eur,full_ghg_t,attributed_ghg_t,source_sheet,source_row,full_intensity,attributed_intensity,effective_attribution_ratio
2023,Renewable Energy,86.0,2504697125.300001,16018926.54,3559976.3255399936,7. GPP Impact,39,6395.554327983399,1421.320082807855,0.2222356358680195
2023,Energy Efficiency,59.0,1641792843.0700004,1579755.04,857195.3015996764,7. GPP Impact,40,962.2133795187002,522.1092936407255,0.5426127974876892
2023,Grand Total,145.0,4146489968.3700004,17598681.580000002,4417171.62713967,7. GPP Impact,41,4244.235899337797,1065.2797090634408,0.2509944626851797
2024,Renewable Energy,110.0,3822511045.2400002,20741991.75,4762865.726989907,7. GPP Impact,41,5426.273856246684,1246.00443808289,0.22962431884054274
2024,Energy Efficiency,85.0,2122845184.1900003,1008358.73,487413.63355631044,7. GPP Impact,42,475.0034234760989,229.6039471867043,0.4833732470946232
2024,Grand Total,194.0,5945356229.430001,21750350.480000008,5250279.360546217,7. GPP Impact,43,3658.3763261037225,883.0891132404992,0.2413882647718243
2025,Renewable Energy,128.0,4772596703.18,27085441.359999996,5632143.395375967,7. GPP Impact,40,5675.200115264895,1180.1004244970559,0.20793987886398496
2025,Energy Efficiency,82.0,2054919189.0899997,1131748.7200000002,544116.355661092,7. GPP Impact,41,550.7509618911992,264.7872279114044,0.4807748805415851
2025,Grand Total,210.0,6827515892.270002,28217190.080000002,6176259.7510370575,7. GPP Impact,42,4132.863332027836,904.6130171633455,0.2188828771938817
