year,field,check,residual,status
2023,projects,country sum,0.0,pass
2023,projects,country/category RE,0.0,pass
2023,projects,category sum,0.0,pass
2023,portfolio_eur,country sum,-4.76837158203125e-07,pass
2023,portfolio_eur,country/category RE,-9.5367431640625e-07,pass
2023,portfolio_eur,category sum,1.430511474609375e-06,pass
2023,full_ghg_t,country sum,-1.862645149230957e-09,pass
2023,full_ghg_t,country/category RE,1.862645149230957e-09,pass
2023,full_ghg_t,category sum,-3.725290298461914e-09,pass
2023,attributed_ghg_t,country sum,9.313225746154785e-10,pass
2023,attributed_ghg_t,country/category RE,0.0,pass
2023,attributed_ghg_t,category sum,0.0,pass
2024,projects,country sum,0.0,pass
2024,projects,country/category RE,0.0,pass
2024,projects,category sum,1.0,source_count_discrepancy
2024,portfolio_eur,country sum,9.5367431640625e-07,pass
2024,portfolio_eur,country/category RE,-4.76837158203125e-07,pass
2024,portfolio_eur,category sum,-9.5367431640625e-07,pass
2024,full_ghg_t,country sum,3.725290298461914e-09,pass
2024,full_ghg_t,country/category RE,-3.725290298461914e-09,pass
2024,full_ghg_t,category sum,-7.450580596923828e-09,pass
2024,attributed_ghg_t,country sum,9.313225746154785e-10,pass
2024,attributed_ghg_t,country/category RE,-1.862645149230957e-09,pass
2024,attributed_ghg_t,category sum,0.0,pass
2025,projects,country sum,0.0,pass
2025,projects,country/category RE,0.0,pass
2025,projects,category sum,0.0,pass
2025,portfolio_eur,country sum,1.9073486328125e-06,pass
2025,portfolio_eur,country/category RE,-1.9073486328125e-06,pass
2025,portfolio_eur,category sum,-1.9073486328125e-06,pass
2025,full_ghg_t,country sum,0.0,pass
2025,full_ghg_t,country/category RE,7.450580596923828e-09,pass
2025,full_ghg_t,category sum,-7.450580596923828e-09,pass
2025,attributed_ghg_t,country sum,0.0,pass
2025,attributed_ghg_t,country/category RE,-9.313225746154785e-10,pass
2025,attributed_ghg_t,category sum,1.862645149230957e-09,pass
