period,excluded_country,full_intensity_change_pct,attributed_intensity_change_pct,opposite_sign
2023_2024,<REGIONAL>,-15.715078234693813,-12.882946241926474,False
2023_2024,ALBANIA,-15.708235087757005,-12.904864832699381,False
2023_2024,ARMENIA,-15.250257018017566,-12.384376640451089,False
2023_2024,AZERBAIJAN,-15.787273972453841,-12.669059272994277,False
2023_2024,BOSNIA AND HERZEGOVINA,-14.844430751102976,-12.458541915909594,False
2023_2024,BULGARIA,-15.070520496702432,-12.556028647976536,False
2023_2024,CROATIA,-15.112867545351428,-12.416606548633968,False
2023_2024,CYPRUS,-15.218171978363227,-12.376562835017623,False
2023_2024,EGYPT,-20.405931706927827,-15.851295238117046,False
2023_2024,ESTONIA,-14.544310405337724,-12.423231705864113,False
2023_2024,GEORGIA,-12.997265725598972,-10.9706812162764,False
2023_2024,GREECE,-17.01610854783384,-12.231529930584184,False
2023_2024,JORDAN,-17.07646552463974,-13.066339546625938,False
2023_2024,KAZAKHSTAN,-15.498320991970338,-12.383121261529961,False
2023_2024,KOSOVO,-15.560901761021984,-12.51703799354008,False
2023_2024,KYRGYZ REPUBLIC,-15.10201688240127,-12.360529572470845,False
2023_2024,MONGOLIA,-15.205639814416717,-12.328700031092566,False
2023_2024,MONTENEGRO,-15.75890742436361,-11.591693373093914,False
2023_2024,MOROCCO,-15.648949608800223,-12.435497217099433,False
2023_2024,NORTH MACEDONIA,-15.456910662340695,-12.422266607538567,False
2023_2024,POLAND,-14.86192296255041,-15.413515788988065,False
2023_2024,ROMANIA,-14.020978477893998,-10.76492239062351,False
2023_2024,SERBIA,-13.07044528649235,-10.210697291154103,False
2023_2024,TUNISIA,-15.273903843858461,-12.420504807757926,False
2023_2024,TÜRKIYE,-14.600563511862486,-12.519135771056945,False
2023_2024,UKRAINE,-14.818880032577075,-12.159386737309141,False
2023_2024,UZBEKISTAN,-7.646256887098135,-8.445540855323031,False
2024_2025,<REGIONAL>,5.701848126236753,-4.627898428626908,True
2024_2025,ALBANIA,4.920018391488634,-4.987722216763313,True
2024_2025,ARMENIA,4.504891001952083,-5.363250968436429,True
2024_2025,AZERBAIJAN,3.181590897115316,-6.87490991234041,True
2024_2025,BOSNIA AND HERZEGOVINA,4.692151832437941,-5.126984289038883,True
2024_2025,BULGARIA,5.055015070990909,-5.122713308998206,True
2024_2025,CROATIA,4.501435602161719,-5.458419742103404,True
2024_2025,CYPRUS,4.5944664544804725,-5.215283664800941,True
2024_2025,EGYPT,3.767493167246294,-9.561799817151828,True
2024_2025,ESTONIA,5.522820854782928,-4.87195021860396,True
2024_2025,GEORGIA,3.3371741790439335,-6.333443600549026,True
2024_2025,GREECE,4.513786898979966,-5.214206148158496,True
2024_2025,JORDAN,4.3063525924764035,-6.243742317870627,True
2024_2025,KAZAKHSTAN,4.530731041065339,-5.251506351548729,True
2024_2025,KOSOVO,4.521256527782658,-5.346272049955214,True
2024_2025,KYRGYZ REPUBLIC,5.866063304718128,-4.161676146243243,True
2024_2025,LATVIA,5.720697698447141,-4.199183690134478,True
2024_2025,LITHUANIA,5.864940609916869,-3.9868353127238354,True
2024_2025,MONGOLIA,4.643869945887857,-5.361099520679402,True
2024_2025,MONTENEGRO,5.3984657074231945,-4.4560587363959065,True
2024_2025,MOROCCO,4.671206459844801,-4.836542492627293,True
2024_2025,NORTH MACEDONIA,4.776704446614977,-5.534896225746355,True
2024_2025,POLAND,-4.5915476638572095,-5.3383355275384625,False
2024_2025,ROMANIA,4.573642271560496,-4.627055716074091,True
2024_2025,SERBIA,4.117388048002013,-5.831605632966619,True
2024_2025,TUNISIA,4.639264903151652,-5.299206159730662,True
2024_2025,TÜRKIYE,9.94258302871398,-1.8685997946023547,True
2024_2025,UKRAINE,4.547791211765739,-5.386116273165509,True
2024_2025,UZBEKISTAN,2.873023752119197,-8.046475578078404,True
