country,within_country,country_mix,entry,exit,period
<REGIONAL>,0.7575677085783495,-2.5831525143980882,0.0,0.0,2023_2024
ALBANIA,0.009220442237006875,-0.037850561693141056,0.0,0.0,2023_2024
ARMENIA,-0.39650757798417974,-2.0605717213150903,0.0,0.0,2023_2024
AZERBAIJAN,-6.764259738470993,24.379465187369096,0.0,0.0,2023_2024
BOSNIA AND HERZEGOVINA,0.0,0.0,9.93027504320246,0.0,2023_2024
BULGARIA,0.0,0.0,19.402809955822512,0.0,2023_2024
CROATIA,1.0486438931765731,0.3912593631145786,0.0,0.0,2023_2024
CYPRUS,0.22675117911114914,-0.9941199821048377,0.0,0.0,2023_2024
EGYPT,7.305552878678833,31.458688065684747,0.0,0.0,2023_2024
ESTONIA,0.0,0.0,40.98580217411764,0.0,2023_2024
GEORGIA,0.0,0.0,20.754892472299638,0.0,2023_2024
GREECE,65.35977336519666,-120.10051987898498,0.0,0.0,2023_2024
JORDAN,4.544828781526047,-57.02618673179721,0.0,0.0,2023_2024
KAZAKHSTAN,8.148525080981424,-18.469929399709258,0.0,0.0,2023_2024
KOSOVO,2.6885905039705955,-14.592752966467586,0.0,0.0,2023_2024
KYRGYZ REPUBLIC,1.4204546852296913,0.3266720517103787,0.0,0.0,2023_2024
MONGOLIA,2.406181922009097,-12.723661239826743,0.0,0.0,2023_2024
MONTENEGRO,-6.147842207673451,-37.664281084341006,0.0,0.0,2023_2024
MOROCCO,2.041881151137029,-24.252350381667462,0.0,0.0,2023_2024
NORTH MACEDONIA,0.2589286186464055,-6.704530887513748,0.0,0.0,2023_2024
POLAND,-1.9010922923654834,-94.7088613688875,0.0,0.0,2023_2024
ROMANIA,0.0,0.0,26.005670311010423,0.0,2023_2024
SERBIA,-36.26706888066913,40.04977631166683,0.0,0.0,2023_2024
TUNISIA,0.0,0.0,7.804889135055054,0.0,2023_2024
TÜRKIYE,-7.4221520957691896,-12.385241703446276,0.0,0.0,2023_2024
UKRAINE,0.0,0.0,17.105168159024437,0.0,2023_2024
UZBEKISTAN,-83.40856676772256,36.483586817284724,0.0,0.0,2023_2024
<REGIONAL>,3.235376711449747,7.466888016146848,0.0,0.0,2024_2025
ALBANIA,-0.026402333695426685,0.015569743542739808,0.0,0.0,2024_2025
ARMENIA,0.6745284897955468,-1.604197437308697,0.0,0.0,2024_2025
AZERBAIJAN,18.0683143970753,-38.95553071493148,0.0,0.0,2024_2025
BOSNIA AND HERZEGOVINA,-2.796858422452458,2.4332119535715395,0.0,0.0,2024_2025
BULGARIA,-4.398616342856349,10.340853960759418,0.0,0.0,2024_2025
CROATIA,0.4555107567223073,-0.7831432599967091,0.0,0.0,2024_2025
CYPRUS,-1.222541118648777,-0.23595496021393705,0.0,0.0,2024_2025
EGYPT,25.415637208223007,9.385430461853458,0.0,0.0,2024_2025
ESTONIA,-7.173403257656619,4.784789818170333,0.0,0.0,2024_2025
GEORGIA,6.27949629189256,-10.411193750611403,0.0,0.0,2024_2025
GREECE,9.382723654422033,-14.482992195143181,0.0,0.0,2024_2025
JORDAN,11.843095624799005,-11.270726246438155,0.0,0.0,2024_2025
KAZAKHSTAN,4.581132125695711,-8.486374049546487,0.0,0.0,2024_2025
KOSOVO,2.208141064851083,-6.7122407862932425,0.0,0.0,2024_2025
KYRGYZ REPUBLIC,-3.378571639034226,3.6134336092230206,0.0,0.0,2024_2025
LATVIA,0.0,0.0,3.2259198473541133,0.0,2024_2025
LITHUANIA,0.0,0.0,3.700087810410224,0.0,2024_2025
MONGOLIA,5.62539285498815,-9.529149702038108,0.0,0.0,2024_2025
MONTENEGRO,-13.204841691505406,9.729896524139289,0.0,0.0,2024_2025
MOROCCO,4.72602556283515,-28.00382906775851,0.0,0.0,2024_2025
NORTH MACEDONIA,-0.0005975635259031095,9.535474570888052,0.0,0.0,2024_2025
POLAND,-9.07349016904145,1.52043481984922,0.0,0.0,2024_2025
ROMANIA,-1.248844847208059,10.152504643724045,0.0,0.0,2024_2025
SERBIA,0.7410808788508999,-6.536836779874881,0.0,0.0,2024_2025
TUNISIA,0.032399317802375954,-1.5861265003415348,0.0,0.0,2024_2025
TÜRKIYE,-11.30716434728814,36.08687928412814,0.0,0.0,2024_2025
UKRAINE,0.0,-3.4051431443416753,0.0,0.0,2024_2025
UZBEKISTAN,13.417898819553487,-88.74737208079975,0.0,0.0,2024_2025
