year,country,projects,portfolio_eur,full_ghg_t,attributed_ghg_t,source_row,full_intensity,attributed_intensity,effective_attribution_ratio
2023,<REGIONAL>,2.0,66490212.29,69306.0,24944.39699666306,47,1042.3489053955614,375.15893148102714,0.35991684697808357
2023,ALBANIA,2.0,38014000.0,298.0,208.0046461204889,48,7.839217130530857,5.47179055401928,0.6980021681895601
2023,ARMENIA,1.0,15328468.61,50630.0,17851.267121807996,49,3303.0044480092392,1164.5825539390262,0.35258279916666
2023,AZERBAIJAN,2.0,166160948.86,692951.52,218680.6951978269,50,4170.363281831345,1316.0775543119805,0.3155786355701
2023,CROATIA,2.0,43746834.5,68408.0,17551.40444107343,51,1563.724570745799,401.2039874810469,0.25656947200727154
2023,CYPRUS,2.0,5206702.960000001,9500.0,5575.117370891955,52,1824.5711485719166,1070.7577162980608,0.58685446009389
2023,EGYPT,16.0,336013099.40000004,2429121.8,536653.9679076215,53,7229.247324992829,1597.1221623975218,0.22092509643099065
2023,GREECE,3.0,102030000.0,340398.0,201280.2014564804,54,3336.2540429285505,1972.755086312657,0.591308413846381
2023,JORDAN,10.0,192008224.48999998,753380.0,269806.7243609119,55,3923.686092098815,1405.183163781423,0.35812833412210554
2023,KAZAKHSTAN,2.0,28466993.95,134324.0,74987.4640262279,56,4718.587436240348,2634.1897622888246,0.558258122347666
2023,KOSOVO,1.0,51059965.5,247126.0,86486.57942787485,57,4839.9170970846035,1693.8236949626387,0.34996956786366
2023,KYRGYZ REPUBLIC,1.0,8800000.0,1544.0,984.5797101449278,58,175.45454545454544,111.88405797101451,0.63768115942029
2023,MONGOLIA,2.0,32755466.35,328655.0,74958.94795850427,59,10033.592454103466,2288.4408714426463,0.22807791744687977
2023,MONTENEGRO,4.0,90421178.84,297135.0,179755.5869356371,60,3286.1217229403683,1987.9810155286082,0.6049626834120421
2023,MOROCCO,3.0,86166115.07,495223.0,161364.35614754836,61,5747.30565022792,1872.7124463770765,0.32584180489910275
2023,NORTH MACEDONIA,2.0,30403902.8,56224.0,46828.837756802146,62,1849.2362763375233,1540.224558170938,0.8328976550370331
2023,POLAND,16.0,570406228.0600001,5090795.0,696658.5674594584,63,8924.85872272858,1221.337589228037,0.13684671401214513
2023,SERBIA,1.0,30636815.06,246987.0,63447.24641785232,64,8061.77141835056,2070.94785452063,0.25688496324848
2023,TÜRKIYE,4.0,96149619.97,413022.0,96445.13085352269,65,4295.61760232509,1003.0734482737934,0.23351088042167895
2023,UZBEKISTAN,10.0,514432348.59,4293898.22,785507.249347024,66,8346.86666141638,1526.9398425274173,0.18293569365205495
2023,Grand Total,86.0,2504697125.3,16018926.540000001,3559976.3255399936,67,6395.554327983402,1421.3200828078554,0.2222356358680195
2024,<REGIONAL>,3.0,76248871.08,86865.58,31090.24999666306,49,1139.237588302927,407.7470204646479,0.3579121902675727
2024,ALBANIA,2.0,33314761.92,298.0,208.0046461204889,50,8.944983629647382,6.243617967913993,0.6980021681895601
2024,ARMENIA,1.0,16401254.11,50630.0,17851.267121807996,51,3086.9590618153043,1088.4086669277265,0.35258279916666
2024,AZERBAIJAN,4.0,326874490.82000005,1449513.52,401071.02524876304,52,4434.465095039195,1226.9878394078196,0.27669353870446345
2024,BOSNIA AND HERZEGOVINA,1.0,25100000.0,60643.0,37958.58603491253,53,2416.05577689243,1512.2942643391445,0.62593516209476
2024,BULGARIA,1.0,50000000.0,250802.0,74167.4553648242,54,5016.04,1483.349107296484,0.29572114801646
2024,CROATIA,3.0,70238051.93,97307.0,32289.894441073433,55,1385.3886508267226,459.72081448463126,0.3318352681828998
2024,CYPRUS,2.0,4612125.47,9500.0,5575.117370891955,56,2059.787848746448,1208.7956858840519,0.58685446009389
2024,EGYPT,18.0,586916075.9800001,4603914.46,967184.2347583103,57,7844.246645165813,1647.9089163529202,0.21007867178277467
2024,ESTONIA,2.0,122000000.0,517348.0,156668.6815085863,58,4240.55737704918,1284.169520562183,0.3028303608182235
2024,GEORGIA,2.0,121261591.96,147103.0,79335.80571813391,59,1213.1046411507132,654.253374343824,0.5393214667147095
2024,GREECE,2.0,20357500.0,152997.0,97934.06175059878,60,7515.510254206066,4810.711617369459,0.6401044579344612
2024,JORDAN,6.0,142187880.7,597380.0,211151.46399793436,61,4201.342597266801,1485.0173091997874,0.3534625598411972
2024,KAZAKHSTAN,2.0,20808295.86,134324.0,74987.4640262279,62,6455.309983275104,3603.729230435303,0.558258122347666
2024,KOSOVO,1.0,46523480.0,247126.0,86486.57942787485,63,5311.855432998564,1858.987750440742,0.34996956786366
2024,KYRGYZ REPUBLIC,3.0,17800000.0,12726.0,8181.014809287981,64,714.943820224719,459.60757355550453,0.642858306560426
2024,MONGOLIA,2.0,29756046.75,328655.0,74958.94795850427,65,11044.981974966147,2519.116487088604,0.22807791744687977
2024,MONTENEGRO,2.0,61000000.0,107135.0,106859.33333333331,66,1756.311475409836,1751.7923497267757,0.997426922418755
2024,MOROCCO,3.0,82942075.43,495223.0,161364.35614754836,67,5970.709045229398,1945.5066118249454,0.32584180489910275
2024,NORTH MACEDONIA,2.0,29900262.18,56224.0,46828.83775680215,68,1880.3848495217444,1566.1681317338252,0.8328976550370332
2024,POLAND,17.0,572873748.21,5111132.470000001,693903.825839317,69,8921.917762805911,1211.268325713104,0.13576322466932988
2024,ROMANIA,4.0,145621000.0,523379.95999999996,99406.96200270731,70,3594.124199119632,682.6416657124131,0.18993268676681338
2024,SERBIA,3.0,156879898.17,428198.01,111288.63348478197,71,2729.4638446029026,709.3874663545874,0.2598999315405085
2024,TUNISIA,4.0,20222595.0,138517.98,29834.274925621623,72,6849.663952623292,1475.2940918621782,0.21538196648277444
2024,TÜRKIYE,3.0,93233559.80999999,106566.0,71474.50449924062,73,1143.0004412270657,766.6177784576498,0.6707064589009686
2024,UKRAINE,1.0,60000000.0,244566.0,65384.694218558485,74,4076.1,1089.7449036426415,0.267349894174
2024,UZBEKISTAN,16.0,889437479.86,4783916.77,1019420.4506014795,75,5378.586891518223,1146.1406492134097,0.2130932663783529
2024,Grand Total,110.0,3822511045.24,20741991.749999996,4762865.726989905,76,5426.273856246684,1246.0044380828897,0.22962431884054268
2025,<REGIONAL>,4.0,171740647.01,272101.58,89895.32936174105,48,1584.3749557095605,523.4365360024915,0.33037415424688477
2025,ALBANIA,3.0,56576405.879999995,298.0,208.0046461204889,49,5.267213343881646,3.676526334346372,0.6980021681895601
2025,ARMENIA,1.0,13999279.55,50630.0,17851.267121807996,50,3616.614685003558,1275.1561291458027,0.35258279916666
2025,AZERBAIJAN,4.0,270808341.52,1449513.52,401071.02524876315,51,5352.543839174722,1481.0142959320285,0.2766935387044635
2025,BOSNIA AND HERZEGOVINA,2.0,40100000.0,102102.0,45657.65999435458,52,2546.1845386533664,1138.5950123280443,0.4471769406510605
2025,BULGARIA,2.0,98898037.72,415985.65,120961.69049230297,53,4206.207318063661,1223.09494991973,0.2907833250793698
2025,CROATIA,4.0,79788770.57,103769.0,38751.89444107343,54,1300.546420989928,485.68105717427693,0.3734438458602611
2025,CYPRUS,2.0,3895263.6099999994,0.0,0.0,55,0.0,0.0,
2025,EGYPT,21.0,758697424.2800001,6311187.46,1373669.4731736851,56,8318.45114801765,1810.5629849439522,0.2176562622929418
2025,ESTONIA,4.0,171700000.0,551115.96,184208.8157069178,57,3209.7609784507863,1072.8527414497253,0.334246926376289
2025,GEORGIA,2.0,87666466.34,147103.0,79335.80571813391,58,1677.9848229479805,904.973235837327,0.5393214667147095
2025,GREECE,2.0,13805000.0,152997.0,97934.06175059878,59,11082.723650851141,7094.100814965504,0.6401044579344612
2025,JORDAN,7.0,145128508.43,665786.0,266364.87828176084,60,4587.56179059836,1835.3725340616788,0.40007581757766136
2025,KAZAKHSTAN,2.0,16155849.509999998,134324.0,74987.4640262279,61,8314.264125625667,4641.505479474345,0.558258122347666
2025,KOSOVO,1.0,41780155.5,247126.0,86486.57942787485,62,5914.91336120087,2070.039672970457,0.34996956786366
2025,KYRGYZ REPUBLIC,4.0,79500000.0,16049.0,11335.308655441797,63,201.874213836478,142.58249881058865,0.7062937663058008
2025,LATVIA,2.0,67201639.13,92027.0,15396.01442820517,64,1369.4160022194687,229.1017693544936,0.1672988843296551
2025,LITHUANIA,1.0,79500000.0,125846.0,17659.02688544034,65,1582.9685534591194,222.12612434516151,0.14032251232014
2025,MONGOLIA,2.0,21860147.119999997,328655.0,74958.94795850427,66,15034.436785620317,3429.023032051043,0.22807791744687977
2025,MONTENEGRO,3.0,109059513.66000001,121160.0,116834.72381385905,67,1110.9530561242373,1071.2932773393686,0.964301120946344
2025,MOROCCO,1.0,39993661.94,265274.0,90375.92129944671,68,6632.900993111711,2259.756094228933,0.3406889529296
2025,NORTH MACEDONIA,3.0,66390014.8,190593.0,103974.27453841013,69,2870.8082167802136,1566.1131399297433,0.5455303948120347
2025,POLAND,17.0,721405245.4100001,8493806.469999999,830326.0322924714,70,11773.973815747164,1150.9841903361373,0.09775664600143304
2025,ROMANIA,5.0,254245230.87,1103419.96,166608.15378140286,71,4339.982922095392,655.3049322155919,0.15099251402104677
2025,SERBIA,3.0,152514576.54,428198.01,111288.63348478197,72,2807.5874432087253,729.691784283939,0.2598999315405085
2025,TUNISIA,4.0,20129607.009999998,138517.98,29834.27492562162,73,6881.30572699144,1482.1091594485938,0.2153819664827744
2025,TÜRKIYE,5.0,378334179.14000005,352874.0,207503.08845889487,74,932.7045227637794,548.4650869518974,0.5880373404073264
2025,UKRAINE,1.0,60000000.0,244566.0,65384.694218558485,75,4076.1,1089.7449036426415,0.267349894174
2025,UZBEKISTAN,16.0,751722737.6400001,4580415.77,913280.3512435656,76,6093.224989282631,1214.9164918315073,0.19938808988153617
2025,Grand Total,128.0,4772596703.179998,27085441.360000003,5632143.395375966,77,5675.200115264899,1180.100424497056,0.20793987886398485
