missing_intensity_2023,missing_intensity_2024,scenario_total_2023,scenario_total_2024,signed_change
-1000,-1000,-507.821766185,-475.915963496,31.9058026885
-1000,-500,-507.821766185,-301.748579114,206.07318707
-1000,-250,-507.821766185,-214.664886923,293.156879261
-1000,0,-507.821766185,-127.581194732,380.240571452
-1000,250,-507.821766185,-40.4975025416,467.324263643
-500,-1000,-368.330223116,-475.915963496,-107.58574038
-500,-500,-368.330223116,-301.748579114,66.5816440014
-500,-250,-368.330223116,-214.664886923,153.665336192
-500,0,-368.330223116,-127.581194732,240.749028383
-500,250,-368.330223116,-40.4975025416,327.832720574
-250,-1000,-298.584451581,-475.915963496,-177.331511915
-250,-500,-298.584451581,-301.748579114,-3.16412753304
-250,-250,-298.584451581,-214.664886923,83.9195646579
-250,0,-298.584451581,-127.581194732,171.003256849
-250,250,-298.584451581,-40.4975025416,258.08694904
0,-1000,-228.838680047,-475.915963496,-247.077283449
0,-500,-228.838680047,-301.748579114,-72.9098990675
0,-250,-228.838680047,-214.664886923,14.1737931234
0,0,-228.838680047,-127.581194732,101.257485314
0,250,-228.838680047,-40.4975025416,188.341177505
250,-1000,-159.092908512,-475.915963496,-316.823054984
250,-500,-159.092908512,-301.748579114,-142.655670602
250,-250,-159.092908512,-214.664886923,-55.571978411
250,0,-159.092908512,-127.581194732,31.5117137799
250,250,-159.092908512,-40.4975025416,118.595405971
