report_year,sector_name,projects,numeric_projects,allocation_eur_m,numeric_allocation_eur_m,allocation_coverage,observed_allocation_share,relative_intensity,whole_cost_intensity,relative_contribution
2022,Construction,20,8,1048.02186482,340.82947768,0.325212182227,0.0371617826393,-71.8429346351,-71.520637146,-2.66981152108
2022,Electricity and energy,54,41,6734.17364591,5573.24864353,0.827606910154,0.607670017557,-336.461918056,-331.557135897,-204.457819652
2022,Information and communication,1,1,14.77673971,14.77673971,1,0.00161115755878,-7.44558823529,-3.72279411765,-0.0119960157649
2022,Manufacturing,5,4,205.13908206,185.13908206,0.902505169668,0.0201863359132,-598.486901321,-368.960653937,-12.0812576297
2022,Professional/RDI,6,1,1113.08452822,19.08452822,0.017145623478,0.00208085020789,-763.273704652,-763.273704652,-1.588258247
2022,Transport and storage,48,34,3362.24573246,3015.19199324,0.89677918664,0.328756509652,-41.6573878776,-41.6573878776,-13.6951374399
2022,Water and waste,4,4,23.2346,23.2346,1,0.00253334647223,-1348.5303631,-172.942172044,-3.41629463805
2023,Construction,18,5,948.632690927,270.41,0.285052373365,0.0236797474098,-54.4644916275,-52.0993588456,-1.28970540454
2023,Electricity and energy,66,54,7276.16879442,5548.32341843,0.762533632079,0.48586552678,-547.620608134,-543.006022724,-266.069975246
2023,Information and communication,1,1,14.5284852861,14.5284852861,1,0.00127225643217,-7.44558823529,-3.72279411765,-0.00947269752363
2023,Manufacturing,10,9,724.956041435,695.956041435,0.959997574553,0.0609447256741,-624.210576881,-497.06084658,-38.0423423709
2023,Professional/RDI,4,0,420,0,0,0,,,0
2023,Transport and storage,56,44,6350.26922653,4786.80428036,0.753795486396,0.419179454381,-22.5085727996,-22.5085727996,-9.43513126503
2023,Water and waste,3,3,103.4408,103.4408,1,0.00905828932314,-280.031597846,-204.308079987,-2.53660723291
2024,Construction,17,5,898.01251829,128.64954684,0.143260304528,0.011853343419,-47.3793650531,-46.2925366823,-0.561603884951
2024,Electricity and energy,74,52,8701.15334551,5384.70631558,0.618849720464,0.496129016674,-350.844930037,-346.96431356,-174.064350144
2024,Information and communication,2,2,153.53869503,153.53869503,1,0.0141465471508,-0.740217056565,-0.370108528283,-0.0104715154925
2024,Manufacturing,12,12,608.16181822,608.16181822,1,0.0560340169303,-128.813015161,-96.736121626,-7.21791067235
2024,Professional/RDI,1,1,250,250,1,0.0230341725062,0,0,0
2024,Transport and storage,58,36,6039.37483358,4323.69322293,0.715917349407,0.398370782244,-34.8930357309,-34.5584017441,-13.900365939
2024,Water and waste,1,1,4.69,4.69,1,0.000432121076217,-52.0652551198,-6.97674418605,-0.0224984940758
