period,metric,matched_only,cost_basis,ghg_revision,cost_update,eligibility_update,allocation_reweighting,numeric_addition,numeric_removal,total
2022_2023,absolute,False,eligible,-0.103970314823,-0.572372057831,0.0909349348929,-6.10372825929,43.4286024825,-27.0917584179,9.64770836757
2022_2023,absolute,False,whole,-0.00169693913033,-0.572372057831,0,-5.61699048017,37.2881094332,-24.3696824962,6.72736745994
2022_2023,absolute,True,eligible,-0.329681923668,-1.83644893578,0.28900139802,-10.6622814864,0,0,-12.5394109478
2022_2023,absolute,True,whole,-0.00378999042778,-1.83644893578,0,-10.0597865908,0,0,-11.900025517
2022_2023,relative,False,eligible,-3.8947597411,0.141796098919,-0.112562019548,-4.50621037928,-155.504359968,84.4134369361,-79.4626590733
2022_2023,relative,False,whole,-3.77815889382,0.141796098919,0,-5.34023914166,-146.533932057,76.1757856076,-79.3347483859
2022_2023,relative,True,eligible,-12.459619108,0.454951095874,-0.357734692959,-97.2997702356,0,0,-109.662172941
2022_2023,relative,True,whole,-12.0749634953,0.454951095874,0,-98.9251784737,0,0,-110.545190873
2023_2024,absolute,False,eligible,0.0699812549814,-0.000177734102592,5.24714962265,-6.41914655708,16.5985788379,-44.7514445114,-29.255059087
2023_2024,absolute,False,whole,0.0648038834546,-8.88670512959e-05,0,-1.14595592735,15.5309050503,-37.8305082185,-23.3808440792
2023_2024,absolute,True,eligible,0.175220033898,-0.000444860864761,13.1483667514,-16.1504651215,0,0,-2.82732319702
2023_2024,absolute,True,whole,0.162256003332,-0.000222430432381,0,-2.93230689816,0,0,-2.77027332526
2023_2024,relative,False,eligible,-0.100381023234,0.891464938522,-4.90194241064,76.9343179791,-94.807183778,143.589757861,121.606033567
2023_2024,relative,False,whole,-0.102372319975,0.891376071471,0,71.6447755997,-92.0560014627,134.384008685,114.761786573
2023_2024,relative,True,eligible,-0.251234070967,2.23040737435,-12.283342623,193.349933849,0,0,183.045764529
2023_2024,relative,True,whole,-0.256220236569,2.23018494392,0,180.088986987,0,0,182.062951694
