specification,n,before,after,annual_change_pct,fixed_old_after,fixed_old_change_pct,fixed_new_change_pct,symmetric_change_pct,frozen_finance_change_pct,allocation_before,allocation_after,omitted_country
Angola,64,4428.44180574,4327.35615869,-2.28264593926,4389.99526051,-0.868173206631,-1.14865842399,-1.00760676804,-2.01713568071e-07,6973.6,7599.77126,Angola
Argentina,63,4448.729287,4331.23013933,-2.64118448413,4404.60894149,-0.991751636413,-1.26416754391,-1.1270031099,-2.03877592586e-07,6923.8,7566.6552,Argentina
Belarus,63,3604.34447989,3563.56873467,-1.13129434365,3584.3639434,-0.554345917953,-0.92224430977,-0.738100846253,-2.52881171559e-07,6834.4,7476.041615,Belarus
Belize,64,4427.62478289,4318.97999444,-2.45379393649,4389.17585187,-0.868387293683,-1.15002609329,-1.00827186978,-2.01730554483e-07,6974.3,7612.427059,Belize
Brazil,64,4435.8939393,4335.23146791,-2.26927137495,4397.37036475,-0.868451209085,-1.15000381053,-1.00842597473,-2.01747907269e-07,6960.7,7583.750368,Brazil
Cabo Verde,64,4427.37691185,4317.83004652,-2.47430628817,4388.93128327,-0.868361319904,-1.14981390583,-1.00813845912,-2.01727379245e-07,6974.8,7615.564271,Cabo Verde
China,54,3602.25939192,3595.80787,-0.179096539671,3600.63061134,-0.0452155273231,-0.447195979538,-0.246476026616,-3.15414494523e-07,5482.6,6043.170572,China
Colombia,64,4427.16663056,4334.61679575,-2.09049811163,4388.7259622,-0.868290524578,-1.15019519638,-1.00856925629,-2.01710936842e-07,6975.7,7583.527297,Colombia
Ecuador,64,4709.79219816,4567.7127754,-3.01668134772,4668.7448274,-0.871532522704,-1.15309204714,-1.0109725752,-2.0212713725e-07,6543.6,7186.625292,Ecuador
Egypt,64,4431.20252605,4323.26751699,-2.43579498841,4392.67071631,-0.869556503111,-1.15226708037,-1.00998805228,-2.02005034922e-07,6959.2,7589.604518,Egypt
India,53,5402.2748085,5060.22534509,-6.331582075,5291.78846435,-2.04518185525,-2.19670455645,-2.11930712133,-2.36678299181e-07,4909.7,5504.75431,India
Indonesia,63,4351.7935353,4245.86802995,-2.43406550638,4312.45320561,-0.904002668468,-1.19364532192,-1.04790920575,-3.97715083089e-08,6807.5,7450.286345,Indonesia
Mexico,62,4443.54586435,4329.50344071,-2.56647342277,4404.05095426,-0.888815178146,-1.17435644751,-1.03057310385,-2.06202543929e-07,6798.6,7441.441634,Mexico
Moldova,63,4443.39192213,4331.81990923,-2.51096493072,4404.86820867,-0.866988870971,-1.14035269574,-1.00271667508,-2.02130556737e-07,6935.8,7568.890501,Moldova
Montenegro,64,4434.27862453,4324.14839121,-2.48361103678,4395.80628854,-0.867612057201,-1.1488843399,-1.00729228269,-2.01728656002e-07,6963.9,7605.596798,Montenegro
Morocco,62,4568.35069914,4446.80848633,-2.66052719691,4527.47984395,-0.894652312804,-1.16639658627,-1.02948959438,-2.69675037856e-07,6737.3,7363.661292,Morocco
Pakistan,64,4396.82574148,4236.07766369,-3.65600292665,4358.28784473,-0.876493611999,-1.17909238962,-1.02587280388,-1.0270614359e-07,6958.1,7567.539289,Pakistan
Philippines,64,4443.58527546,4337.90794531,-2.37819966525,4404.99857316,-0.868368668684,-1.14968306796,-1.00814635571,-2.01729111193e-07,6949.3,7581.188522,Philippines
Republic of Cong,64,4403.61149822,4290.12525884,-2.57711742801,4367.51463587,-0.819710420877,-1.08906970614,-0.953369303344,-3.58552809665e-07,6969.1,7609.281657,Republic of Cong
Serbia,64,4430.83925783,4321.98568546,-2.45672582654,4392.39796456,-0.867584921089,-1.14863374461,-1.00717336601,-2.01728811433e-07,6969.3,7609.189332,Serbia
Tunisia,63,4421.40008538,4319.45962585,-2.30561490838,4385.30376678,-0.816400187774,-1.09830654306,-0.956487763459,-1.6921589685e-07,6937.9,7566.008477,Tunisia
Türkiye,54,4944.37381954,4911.57655724,-0.663324891989,4923.64290311,-0.419282950366,-0.669424313712,-0.544357471921,-8.71925531776e-08,5179.9,5520.994822,Türkiye
Ukraine,64,4431.43878411,4318.1242408,-2.55705988132,4391.86403718,-0.893045100315,-1.17990322827,-1.03546773795,-2.07461614554e-07,6775.8,7418.591354,Ukraine
Uruguay,64,4429.02655987,4319.22866258,-2.47905258196,4390.55056068,-0.868723604899,-1.15020753478,-1.00851316592,-2.0180560556e-07,6969.5,7610.6606,Uruguay
Western Balkan,64,4440.29602331,4343.94363389,-2.16995418593,4401.75563945,-0.867968794566,-1.14889522374,-1.0077028024,-2.01718863835e-07,6954.8,7570.970111,Western Balkan
