specification,n,before,after,annual_change_pct,fixed_old_after,fixed_old_change_pct,fixed_new_change_pct,symmetric_change_pct,frozen_finance_change_pct,allocation_before,allocation_after,omitted_project
P084874,64,3650.89426187,3604.58657715,-1.26839293051,3610.72670588,-1.10021143067,-1.42916759985,-1.26482354254,-2.55588039622e-07,6675.8,7318.591354,P084874
P095114,64,4482.335216,4361.34899655,-2.69917829926,4441.55682093,-0.909757818234,-1.20032790609,-1.05393240833,-2.11344131085e-07,6575.8,7218.591354,P095114
P096556,64,4389.97081584,4281.44013728,-2.47224145928,4350.88804629,-0.890274017393,-1.17671532615,-1.03254970047,-2.06971539907e-07,6856,7498.760961,P096556
P096586,64,4431.43878411,4318.1242408,-2.55705988132,4391.86403718,-0.893045100315,-1.17990322827,-1.03546773795,-2.07461614554e-07,6775.8,7418.591354,P096586
P101988,64,4459.50142723,4345.29483251,-2.5609722654,4420.50224601,-0.874518864127,-1.15719626473,-1.01484673284,-2.03157823897e-07,6875.8,7518.591354,P101988
P104266,64,4416.59706778,4308.66903976,-2.44369197287,4380.52232447,-0.816799512268,-1.09920118444,-0.957034014142,-2.0306405446e-07,6945.8,7585.789453,P104266
P106261,64,4390.56982519,4282.52929127,-2.46074059224,4351.6355438,-0.886770577333,-1.17184460998,-1.02837202404,-2.0572207271e-07,6896.7,7539.539595,P106261
P107159,64,4453.59454539,4340.62763726,-2.53653328752,4414.86876796,-0.869539807325,-1.15110293721,-1.00932783804,-2.02016980921e-07,6923.8,7566.567995,P107159
P107992,64,4434.27862453,4324.14839121,-2.48361103678,4395.80628854,-0.867612057201,-1.1488843399,-1.00729228269,-2.01728656002e-07,6963.9,7605.596798,P107992
P110371,64,4438.89065099,4326.62591421,-2.52911697098,4399.96600199,-0.876900380424,-1.16019671255,-1.01756080075,-2.03769201512e-07,6887,7529.769572,P110371
P112578,64,4544.33530095,4428.22341498,-2.55509064108,4517.4039507,-0.592635632378,-0.917561393442,-0.753744819792,-2.25141372212e-07,6088.6,6701.670936,P112578
P113078,64,4362.98926701,4256.64885708,-2.43732916644,4323.87575059,-0.896484360449,-1.18446959483,-1.0395583292,-2.08531347745e-07,6846.8,7489.546878,P113078
P119343,64,4443.58527546,4337.90794531,-2.37819966525,4404.99857316,-0.868368668684,-1.14968306796,-1.00814635571,-2.01729111193e-07,6949.3,7581.188522,P119343
P120664,64,4430.48844844,4318.80100778,-2.52088323798,4391.52127824,-0.87952311918,-1.16352468327,-1.02054208427,-2.04461469977e-07,6876.7,7519.447203,P120664
P122178,64,4499.74079137,4380.49207722,-2.65012407773,4460.16020297,-0.879619298835,-1.16345462793,-1.02046153393,-2.04342731625e-07,6774.8,7417.591354,P122178
P127775,64,4464.70621941,4350.37050174,-2.5608788586,4425.82711404,-0.870809936039,-1.15259226556,-1.0106902564,-2.02259164972e-07,6898.3,7541.136817,P127775
P131765,64,4841.40867315,4682.90132854,-3.27399224704,4798.99677665,-0.876023888066,-1.15905779202,-1.01601042257,-2.0351814678e-07,6322.2,6964.957805,P131765
P132443,64,4443.87558378,4333.31603705,-2.48790823791,4405.22063469,-0.869847689413,-1.15161637408,-1.00977327159,-2.02056105181e-07,6937.6,7576.810064,P132443
P132873,64,4460.32561801,4346.51193316,-2.55169004687,4421.49955536,-0.870475969148,-1.15222620853,-1.01034674055,-2.022145007e-07,6906.6,7549.396312,P132873
P143689,64,4484.77852445,4367.15896105,-2.6226392843,4444.46490184,-0.898898850612,-1.17849841654,-1.03766962364,-2.02136263283e-07,6871.6,7514.405104,P143689
P144489,64,4709.79219816,4567.7127754,-3.01668134772,4668.7448274,-0.871532522704,-1.15309204714,-1.0109725752,-2.0212713725e-07,6543.6,7186.625292,P144489
P144534,64,4515.07830347,4410.98068524,-2.30555510305,4479.44181307,-0.789277350386,-1.07727224741,-0.932375235573,-2.11587625198e-07,6520.6,7078.008238,P144534
P146194,64,4461.17362273,4346.98992035,-2.55949918198,4422.23495369,-0.87283464702,-1.15506880458,-1.01294202727,-2.02721983644e-07,6888,7530.824952,P146194
P147760,64,3580.88583303,3542.58914267,-1.06947532374,3561.16724695,-0.550662238166,-0.916773942124,-0.73357692378,-2.51309262289e-07,6922.2,7563.808017,P147760
P148129,64,4486.51195692,4369.99613509,-2.59702465859,4447.51277569,-0.869253923798,-1.15073050905,-1.00895503609,-2.019347356e-07,6875.8,7518.591354,P148129
P148527,64,4470.46130086,4355.72720989,-2.56649332688,4431.62106501,-0.868819417696,-1.15018636066,-1.00848776991,-2.01826133583e-07,6904.2,7547.032579,P148527
P149872,64,4453.14081611,4340.27249258,-2.53457791236,4414.44308892,-0.868998506594,-1.15040349025,-1.00870893581,-2.01865557603e-07,6929.7,7572.516752,P149872
P150930,64,4505.54036546,4386.97670965,-2.63150801444,4466.39372532,-0.868855608046,-1.15024099317,-1.0084862004,-2.01842187408e-07,6849.9,7492.713765,P150930
P154669,64,4261.83274951,4182.67679656,-1.85732189888,4258.97742141,-0.06699765718,-0.363242508856,-0.21400112612,-2.22424267893e-07,6571.5,7175.904718,P154669
P155007,64,4626.55967643,4426.87854163,-4.31597447713,4546.97518259,-1.72016572582,-1.78405194593,-1.75169172659,-2.07930550555e-07,6475.4,7217.926604,P155007
P158418,64,4496.96891526,4402.82224815,-2.0935583253,4458.28219923,-0.860284266041,-1.1395137738,-0.999222083525,-2.01758609819e-07,6865.8,7468.832118,P158418
P158522,64,4540.87998896,4446.76457917,-2.07262491019,4500.59903908,-0.88707365052,-1.17408258187,-1.02992275315,-2.02985772635e-07,6758.3,7339.296825,P158522
P162679,64,4475.39047834,4366.24690483,-2.43874973676,4436.47788525,-0.869479284188,-1.15121579906,-1.00942410274,-2.0198710482e-07,6891.1,7521.838376,P162679
P162762,64,4476.29396812,4379.18993398,-2.16929528834,4439.49016362,-0.822193644142,-1.09333754807,-0.957024152359,-2.02900307666e-07,6858.7,7459.255399,P162762
P162957,64,4431.90511522,4327.90219907,-2.34668643504,4393.44083373,-0.867894968273,-1.1486622698,-1.00742274613,-1.68087921359e-07,6967.9,7598.810378,P162957
P163533,64,4438.45172197,4332.47274559,-2.38774651652,4399.8446121,-0.869832822146,-1.15250509685,-1.010280308,-2.02087457879e-07,6945,7571.158987,P163533
P164047,64,4504.86063898,4394.13168546,-2.45798843495,4466.9619317,-0.841284788071,-1.12308326179,-0.981226443489,-2.02407490768e-07,6831.8,7460.896829,P164047
P165129,64,4440.54738832,4333.46279168,-2.41151793415,4401.93957459,-0.869438165088,-1.15148674059,-1.00955786253,-2.01977523595e-07,6945.5,7576.939605,P165129
P165300,64,4427.16663056,4334.61679575,-2.09049811163,4388.7259622,-0.868290524578,-1.15019519638,-1.00856925629,-2.01710936842e-07,6975.7,7583.527297,P165300
P165683,64,4435.8939393,4335.23146791,-2.26927137495,4397.37036475,-0.868451209085,-1.15000381053,-1.00842597473,-2.01747907269e-07,6960.7,7583.750368,P165683
P168862,64,4440.29602331,4343.94363389,-2.16995418593,4401.75563945,-0.867968794566,-1.14889522374,-1.0077028024,-2.01718863835e-07,6954.8,7570.970111,P168862
P170236,64,4427.37691185,4317.83004652,-2.47430628817,4388.93128327,-0.868361319904,-1.14981390583,-1.00813845912,-2.01727379245e-07,6974.8,7615.564271,P170236
P170590,64,4321.24252532,4188.60332291,-3.06946906209,4282.51217224,-0.896278162021,-1.19446932965,-1.04394552572,-2.07844197408e-07,6935.8,7565.965119,P170590
P170868,64,4430.83925783,4321.98568546,-2.45672582654,4392.39796456,-0.867584921089,-1.14863374461,-1.00717336601,-2.01728811433e-07,6969.3,7609.189332,P170868
P172187,64,4411.86831557,4287.10668012,-2.8278639915,4370.06308722,-0.947562922426,-1.28099112812,-1.11296055167,-2.02966110585e-07,6956.6,7585.160969,P172187
P172548,64,4431.20252605,4323.26751699,-2.43579498841,4392.67071631,-0.869556503111,-1.15226708037,-1.00998805228,-2.02005034922e-07,6959.2,7589.604518,P172548
P172562,64,4431.64527439,4332.14739683,-2.24516790932,4393.27834519,-0.865749102728,-1.14130494851,-1.00275348807,-1.29761668077e-07,6966.4,7584.536072,P172562
P172592,64,4427.62478289,4318.97999444,-2.45379393649,4389.17585187,-0.868387293683,-1.15002609329,-1.00827186978,-2.01730554483e-07,6974.3,7612.427059,P172592
P172668,64,4426.62551719,4315.63140066,-2.50742051938,4388.31597212,-0.865434514846,-1.13829770622,-1.00091481164,-2.01784755571e-07,6974,7610.671791,P172668
P173021,64,4396.82574148,4236.07766369,-3.65600292665,4358.28784473,-0.876493611999,-1.17909238962,-1.02587280388,-1.0270614359e-07,6958.1,7567.539289,P173021
P174267,64,4430.94392189,4334.09094261,-2.18583175482,4392.50156502,-0.867588431476,-1.14665226369,-1.00638306921,-2.01758820761e-07,6968.1,7580.734631,P174267
P174915,64,4427.2295876,4317.3465672,-2.48198152419,4388.78907838,-0.868274582414,-1.14951939845,-1.00794279445,-2.01251992848e-07,6975.6,7618.19613,P174915
P175011,64,4430.21725139,4328.13969149,-2.30412086149,4391.80515536,-0.867047683051,-1.14520919494,-1.00530838425,-2.01742678119e-07,6969.8,7595.178084,P175011
P175728,64,4426.94604715,4314.30964252,-2.54433651174,4388.50251361,-0.868398510618,-1.1519149832,-1.00915122755,-2.03296157686e-07,6975.2,7607.983676,P175728
P175747,64,4429.70461493,4324.46801903,-2.37570233357,4391.45638836,-0.863448692323,-1.13671039654,-0.999217991155,-2.68930777647e-07,6967.4,7593.725131,P175747
P175894,64,4431.29216642,4336.14610676,-2.14714029424,4392.85123425,-0.867488098802,-1.14593398959,-1.00600242202,-1.48187762061e-07,6968.5,7581.81525,P175894
P176232,64,4429.02655987,4319.22866258,-2.47905258196,4390.55056068,-0.868723604899,-1.15020753478,-1.00851316592,-2.0180560556e-07,6969.5,7610.6606,P176232
P176905,64,4447.77261313,4332.88353407,-2.58306997794,4406.41817001,-0.929778716689,-1.20723242231,-1.06753280609,-2.02237615543e-07,6925.3,7568.1402,P176905
P177004,64,4428.44180574,4327.35615869,-2.28264593926,4389.99526051,-0.868173206631,-1.14865842399,-1.00760676804,-2.01713568071e-07,6973.6,7599.77126,P177004
P177786,64,4403.61149822,4290.12525884,-2.57711742801,4367.51463587,-0.819710420877,-1.08906970614,-0.953369303344,-3.58552809665e-07,6969.1,7609.281657,P177786
P177876,64,4427.18284547,4319.95001938,-2.42214586186,4388.74160833,-0.868300191851,-1.15015240908,-1.00831371489,-2.01713090675e-07,6975.6,7609.670312,P177876
P178009,64,4416.48662748,4306.85219805,-2.48239015941,4377.82773029,-0.875331467036,-1.15817823663,-1.01580111851,-3.846010177e-08,6936.5,7579.330821,P178009
P178067,64,4428.05615947,4315.49063786,-2.54209787666,4386.87079412,-0.930100338843,-1.2063423754,-1.06728125804,-2.03346284255e-07,6974.3,7617.106354,P178067
P179345,64,4426.60011298,4310.06097841,-2.63270075433,4388.28827236,-0.865491339561,-1.10108467694,-0.982368750334,-1.98369176641e-07,6974.1,7585.876296,P179345
P179867,64,4427.59500969,4318.5690055,-2.46242043237,4389.15252692,-0.868247495099,-1.149422201,-1.00789491894,-2.01711658487e-07,6975,7615.948485,P179867
