project_id,id_conflict,numeric_both,positive_finance_both,same_status,included_primary
P082466,False,False,True,True,False
P084874,False,True,True,True,True
P088996,False,True,False,True,False
P092631,False,False,True,True,False
P095114,False,True,True,True,True
P095847,False,False,True,True,False
P096556,False,True,True,True,True
P096586,False,True,True,True,True
P096925,False,False,True,True,False
P098078,False,False,True,True,False
P099224,False,False,True,True,False
P100954,False,False,True,True,False
P101525,False,False,True,True,False
P101653,False,False,True,True,False
P101829,False,False,True,True,False
P101988,False,True,True,True,True
P104266,False,True,True,True,True
P104937,False,False,True,True,False
P105872,False,False,True,True,False
P106261,False,True,True,True,True
P106424,False,True,False,True,False
P106702,False,False,False,True,False
P107159,False,True,True,True,True
P107992,False,True,True,True,True
P109932,False,False,True,True,False
P110371,False,True,True,True,True
P110849,False,False,False,True,False
P110910,False,False,True,True,False
P111996,True,True,True,True,False
P112073,False,False,True,True,False
P112578,False,True,True,True,True
P112780,False,False,True,True,False
P112838,False,False,True,True,False
P113078,False,True,True,True,True
P113766,False,True,False,True,False
P114069,False,False,True,True,False
P114138,False,False,True,True,False
P114348,False,False,True,True,False
P117341,False,False,True,True,False
P117864,False,False,True,True,False
P117947,False,False,True,True,False
P118737,True,True,True,True,False
P119071,False,False,False,True,False
P119140,False,False,True,True,False
P119343,False,True,True,True,True
P120664,False,True,True,True,True
P121289,False,False,True,True,False
P122178,False,True,True,True,True
P123760,False,True,False,True,False
P123923,False,True,False,True,False
P124181,False,False,True,True,False
P124978,False,False,True,True,False
P125021,False,False,True,True,False
P125022,False,True,False,True,False
P125032,True,False,True,True,False
P125496,False,False,True,True,False
P125999,True,False,True,True,False
P126454,False,False,True,True,False
P127035,False,True,False,True,False
P127338,False,False,True,True,False
P127676,False,False,False,True,False
P127723,False,False,True,True,False
P127775,False,True,True,True,True
P127813,False,False,True,True,False
P127867,False,False,True,True,False
P129791,False,False,True,True,False
P130682,False,False,True,True,False
P131013,False,False,False,True,False
P131256,False,True,True,False,False
P131765,False,True,True,True,True
P132154,False,False,True,True,False
P132277,False,False,True,True,False
P132317,False,False,True,True,False
P132443,False,True,True,True,True
P132741,False,True,True,False,False
P132873,False,True,True,True,True
P133114,False,False,True,True,False
P133705,False,False,True,True,False
P143689,False,True,True,True,True
P143996,False,False,True,True,False
P144489,False,True,True,True,True
P144534,False,True,True,True,True
P145610,False,False,True,True,False
P146194,False,True,True,True,True
P146965,False,False,True,True,False
P147760,False,True,True,True,True
P147854,False,False,True,True,False
P148129,False,True,True,True,True
P148527,False,True,True,True,True
P149872,False,True,True,True,True
P150930,False,True,True,True,True
P152851,False,False,True,False,False
P154283,False,True,True,False,False
P154669,False,True,True,True,True
P155007,False,True,True,True,True
P155642,False,False,True,False,False
P157585,False,False,True,False,False
P157836,False,False,True,False,False
P158119,False,False,True,True,False
P158418,False,True,True,True,True
P158522,False,True,True,True,True
P159351,False,False,True,True,False
P160408,False,True,True,False,False
P160628,False,False,True,True,False
P160911,False,False,True,True,False
P161642,False,False,True,True,False
P162679,False,True,True,True,True
P162762,False,True,True,True,True
P162957,False,True,True,True,True
P163533,False,True,True,True,True
P164047,False,True,True,True,True
P165129,False,True,True,True,True
P165300,False,True,True,True,True
P165509,False,False,True,False,False
P165683,False,True,True,True,True
P168580,False,False,True,True,False
P168862,False,True,True,True,True
P169403,False,False,True,False,False
P170236,False,True,True,True,True
P170590,False,True,True,True,True
P170868,False,True,True,True,True
P172187,False,True,True,True,True
P172548,False,True,True,True,True
P172562,False,True,True,True,True
P172592,False,True,True,True,True
P172668,False,True,True,True,True
P173021,False,True,True,True,True
P173025,False,False,True,True,False
P173671,False,False,True,True,False
P174267,False,True,True,True,True
P174915,False,True,True,True,True
P175011,False,True,True,True,True
P175728,False,True,True,True,True
P175747,False,True,True,True,True
P175894,False,True,True,True,True
P176232,False,True,True,True,True
P176905,False,True,True,True,True
P177004,False,True,True,True,True
P177786,False,True,True,True,True
P177876,False,True,True,True,True
P178009,False,True,True,True,True
P178067,False,True,True,True,True
P179255,False,False,True,True,False
P179345,False,True,True,True,True
P179867,False,True,True,True,True
P180762,False,True,False,True,False
